Player,Pos,Price(£m),FDR,Home,Fixtures,AvgMin(L5),AvailScore,RawPts,PredPts,Value,AvgPts(L5),Sel%
Gyökeres,FWD,8.8,3,1,1,82.19047619047619,1.0,9.27,9.27,1.053,5.0,12.1
Eze,MID,7.2,3,1,1,87.42857142857143,1.0,9.15,9.15,1.271,2.2,7.9
Wirtz,MID,8.4,2,1,1,88.0952380952381,1.0,7.42,7.42,0.883,5.8,13.3
Lewis-Potter,DEF,4.8,2,0,1,87.0,1.0,7.0,7.0,1.458,4.0,1.7
Henderson,GK,5.0,4,0,1,90.0,1.0,6.91,6.91,1.382,3.4,7.5
Ekitiké,FWD,8.9,2,1,1,88.83333333333333,1.0,6.87,6.87,0.772,4.2,26.6
A.Becker,GK,5.4,2,1,1,90.0,1.0,6.77,6.77,1.254,3.0,6.1
Thiago,FWD,7.1,2,0,1,88.15384615384616,1.0,6.23,6.23,0.877,2.6,32.4
Haaland,FWD,14.8,3,0,1,85.88461538461539,1.0,5.93,5.93,0.401,5.2,67.3
Adli,MID,5.4,2,1,1,90.0,1.0,5.63,5.63,1.043,6.0,0.7
Verbruggen,GK,4.5,2,1,1,90.0,1.0,5.62,5.62,1.249,2.4,5.5
Jensen,MID,4.9,2,0,1,85.66666666666667,1.0,5.44,5.44,1.11,3.2,0.1
B.Fernandes,MID,9.9,3,1,1,86.45833333333333,1.0,5.21,5.21,0.526,7.0,37.3
J.Timber,DEF,6.4,3,1,1,89.4,1.0,5.18,5.18,0.809,3.4,28.7
Šeško,FWD,7.2,3,1,1,72.0,0.9,5.68,5.11,0.71,4.0,3.9
F.Kadıoğlu,DEF,4.4,2,1,1,90.0,1.0,5.04,5.04,1.145,2.0,0.3
Konaté,DEF,5.4,2,1,1,68.8,0.9,5.53,4.98,0.922,3.8,3.7
Raúl,FWD,6.1,3,1,1,80.54545454545455,1.0,4.97,4.97,0.815,3.4,2.1
Virgil,DEF,6.0,2,1,1,90.0,1.0,4.96,4.96,0.827,5.6,26.2
Konsa,DEF,4.4,2,0,1,89.03846153846153,1.0,4.95,4.95,1.125,3.6,8.2
Lammens,GK,5.0,3,1,1,90.0,1.0,4.94,4.94,0.988,4.0,2.2
Senesi,DEF,4.9,2,1,1,88.38461538461539,1.0,4.93,4.93,1.006,2.6,15.9
Petrović,GK,4.5,2,1,1,90.0,1.0,4.91,4.91,1.091,4.0,4.5
Rogers,MID,7.7,2,0,1,89.14814814814815,1.0,4.87,4.87,0.632,4.4,31.5
Hill,DEF,4.1,2,1,1,90.0,1.0,4.86,4.86,1.185,4.8,5.5
M.Salah,MID,14.0,2,1,1,72.0,0.9,5.31,4.78,0.341,3.6,14.2
Gakpo,MID,7.3,2,1,1,86.57142857142857,1.0,4.77,4.77,0.653,2.2,5.3
Iwobi,MID,6.3,3,1,1,67.54285714285714,0.9,5.19,4.67,0.741,2.0,0.8
Neto,MID,7.0,5,0,1,89.95652173913044,1.0,4.66,4.66,0.666,2.2,4.9
O'Reilly,DEF,5.0,3,0,1,90.0,1.0,4.64,4.64,0.928,4.8,8.0
Cunha,MID,8.0,3,1,1,85.85,1.0,4.59,4.59,0.574,5.8,8.0
Gabriel,DEF,7.1,3,1,1,90.0,1.0,4.59,4.59,0.646,4.0,42.7
Hincapie,DEF,5.1,3,1,1,86.86666666666666,1.0,4.59,4.59,0.9,6.0,0.7
Kayode,DEF,4.5,2,0,1,87.23076923076923,1.0,4.54,4.54,1.009,2.6,0.7
Gravenberch,MID,5.5,2,1,1,88.32,1.0,4.49,4.49,0.816,2.6,4.9
Mac Allister,MID,6.2,2,1,1,82.54545454545455,1.0,4.44,4.44,0.716,2.0,1.3
Trossard,MID,6.7,3,1,1,90.0,1.0,4.43,4.43,0.661,3.0,1.1
Dunk,DEF,4.5,2,1,1,90.0,1.0,4.42,4.42,0.982,2.0,1.0
Truffert,DEF,4.5,2,1,1,88.44444444444444,1.0,4.4,4.4,0.978,3.4,2.0
Ajer,DEF,4.4,2,0,1,85.11764705882354,1.0,4.38,4.38,0.995,2.6,0.2
O.Dango,MID,5.9,2,0,1,90.0,1.0,4.22,4.22,0.715,5.4,1.7
Ødegaard,MID,7.8,3,1,1,65.84615384615384,0.9,4.63,4.17,0.535,3.2,1.6
A.Jimenez,DEF,4.5,2,1,1,88.15789473684211,1.0,4.16,4.16,0.924,3.4,0.2
Martinez,GK,5.1,2,0,1,88.04347826086956,1.0,4.11,4.11,0.806,5.6,4.8
Kelleher,GK,4.7,2,0,1,72.0,0.9,4.49,4.04,0.86,3.2,11.3
Welbeck,FWD,6.1,2,1,1,90.0,1.0,4.03,4.03,0.661,1.8,3.7
Dalot,DEF,4.5,3,1,1,87.72727272727273,1.0,4.0,4.0,0.889,4.4,4.7
Cash,DEF,4.9,2,0,1,70.944,0.9,4.41,3.97,0.81,2.4,11.1
Van Hecke,DEF,4.4,2,1,1,71.03999999999999,0.9,4.41,3.97,0.902,2.2,3.7
Kerkez,DEF,5.6,2,1,1,65.34545454545454,0.9,4.37,3.93,0.702,2.0,3.0
Pickford,GK,5.6,4,0,1,90.0,1.0,3.92,3.92,0.7,3.8,13.1
Kroupi.Jr,FWD,4.7,2,1,1,79.66666666666667,1.0,3.92,3.92,0.834,2.8,7.3
Saka,MID,9.8,3,1,1,54.0,0.75,5.22,3.91,0.399,2.8,7.6
Barnes,MID,6.1,3,1,1,90.0,1.0,3.89,3.89,0.638,2.2,1.2
Mitoma,MID,6.1,2,1,1,90.0,1.0,3.86,3.86,0.633,2.0,2.0
Martinelli,MID,6.8,3,1,1,71.7,0.9,4.28,3.85,0.566,3.2,1.0
Saliba,DEF,6.1,3,1,1,86.0909090909091,1.0,3.85,3.85,0.631,4.6,13.7
Yarmoliuk,MID,5.0,2,0,1,87.04545454545455,1.0,3.85,3.85,0.77,2.0,0.1
Wilson,MID,5.9,3,1,1,83.95833333333333,1.0,3.84,3.84,0.651,3.4,20.6
Maguire,DEF,4.3,3,1,1,85.8,1.0,3.83,3.83,0.891,3.4,1.7
Evanilson,FWD,6.9,2,1,1,86.13636363636364,1.0,3.81,3.81,0.552,3.2,2.6
Raya,GK,6.0,3,1,1,90.0,1.0,3.81,3.81,0.635,3.8,34.4
Mbeumo,MID,8.7,3,1,1,85.72727272727273,1.0,3.8,3.8,0.437,7.0,23.3
Amad,MID,6.2,3,1,1,85.35,1.0,3.79,3.79,0.611,2.2,1.7
Abraham,FWD,6.0,2,0,1,54.0,0.75,5.04,3.78,0.63,1.2,0.4
Maatsen,DEF,4.2,2,0,1,90.0,1.0,3.73,3.73,0.888,3.4,0.6
Groß,MID,5.5,2,1,1,90.0,1.0,3.72,3.72,0.676,3.6,0.1
C.Jones,MID,5.4,2,1,1,90.0,1.0,3.68,3.68,0.681,2.8,0.1
Calafiori,DEF,5.6,3,1,1,63.38823529411765,0.9,4.09,3.68,0.657,3.2,6.3
Minteh,MID,5.6,2,1,1,90.0,1.0,3.64,3.64,0.65,2.0,2.0
Trippier,DEF,4.9,3,1,1,87.71428571428571,1.0,3.6,3.6,0.735,2.8,1.3
Pope,GK,5.1,3,1,1,89.33333333333333,1.0,3.59,3.59,0.704,3.6,4.6
Muñoz,DEF,5.9,4,0,1,70.56842105263158,0.9,3.98,3.58,0.607,2.2,8.4
Donnarumma,GK,5.6,3,0,1,90.0,1.0,3.57,3.57,0.638,4.8,9.1
Madueke,MID,6.8,3,1,1,75.36363636363636,1.0,3.56,3.56,0.524,6.2,1.3
Smith,DEF,4.4,2,1,1,72.7,0.9,3.93,3.54,0.805,2.6,0.2
Mainoo,MID,4.6,3,1,1,90.0,1.0,3.54,3.54,0.77,3.6,1.4
Mosquera,DEF,4.3,3,1,1,88.0,1.0,3.51,3.51,0.816,2.4,0.1
Rice,MID,7.6,3,1,1,89.42307692307692,1.0,3.51,3.51,0.462,3.4,33.8
Aaronson,MID,5.4,4,1,1,86.25,1.0,3.5,3.5,0.648,2.2,0.7
Okafor,MID,5.5,4,1,1,84.4,1.0,3.48,3.48,0.633,4.0,0.1
Digne,DEF,4.5,2,0,1,52.36,0.75,4.61,3.46,0.769,2.4,1.5
Ugochukwu,MID,5.0,3,1,1,84.0952380952381,1.0,3.45,3.45,0.69,2.4,0.1
De Cuyper,DEF,4.3,2,1,1,48.42857142857142,0.75,4.55,3.41,0.793,1.2,1.8
Gomez,MID,4.9,2,1,1,66.82105263157895,0.9,3.78,3.4,0.694,1.4,0.2
Krejčí,DEF,4.5,3,1,1,70.74285714285715,0.9,3.75,3.38,0.751,2.4,0.1
Thiaw,DEF,5.0,3,1,1,88.1304347826087,1.0,3.36,3.36,0.672,4.8,4.4
Woltemade,FWD,6.8,3,1,1,81.94444444444444,1.0,3.36,3.36,0.494,2.0,7.7
Andersen,DEF,4.5,3,1,1,88.11538461538461,1.0,3.36,3.36,0.747,2.4,4.6
Darlow,GK,3.9,4,1,1,90.0,1.0,3.35,3.35,0.859,3.2,2.4
Bogarde,DEF,4.0,2,0,1,72.0,0.9,3.72,3.35,0.838,3.2,0.6
Bruno G.,MID,6.9,3,1,1,54.0,0.75,4.44,3.33,0.483,3.0,6.8
Buendía,MID,5.3,2,0,1,81.6,1.0,3.33,3.33,0.628,3.4,0.6
Henry,DEF,4.3,2,0,1,72.0,0.9,3.68,3.31,0.77,2.4,0.2
H.Bueno,DEF,4.3,3,1,1,90.0,1.0,3.29,3.29,0.765,4.0,0.2
Zubimendi,MID,5.3,3,1,1,87.22222222222223,1.0,3.29,3.29,0.621,5.2,5.3
Gordon,MID,7.2,3,1,1,58.14736842105263,0.75,4.37,3.28,0.456,3.2,2.5
Strand Larsen,FWD,6.2,4,0,1,72.0,0.9,3.64,3.28,0.529,3.6,2.4
Sessegnon,MID,5.4,3,1,1,88.6470588235294,1.0,3.27,3.27,0.606,2.6,0.2
Richards,DEF,4.4,4,0,1,89.65217391304348,1.0,3.26,3.26,0.741,3.8,2.7
S.Bueno,DEF,4.4,3,1,1,90.0,1.0,3.26,3.26,0.741,3.2,0.1
Casemiro,MID,5.6,3,1,1,75.58333333333333,1.0,3.25,3.25,0.58,4.4,2.5
Tarkowski,DEF,5.7,4,0,1,90.0,1.0,3.24,3.24,0.568,2.8,11.0
Martinez,DEF,4.8,3,1,1,90.0,1.0,3.24,3.24,0.675,3.4,0.9
Hall,DEF,5.3,3,1,1,90.0,1.0,3.24,3.24,0.611,3.2,2.5
Damsgaard,MID,5.6,2,0,1,70.13333333333333,0.9,3.59,3.23,0.577,1.6,0.4
Tonali,MID,5.3,3,1,1,80.73913043478261,1.0,3.21,3.21,0.606,2.0,1.0
Taty,FWD,5.5,4,0,1,80.71428571428571,1.0,3.21,3.21,0.584,3.0,0.1
Shaw,DEF,4.5,3,1,1,87.18518518518519,1.0,3.18,3.18,0.707,3.4,0.8
Lacroix,DEF,5.1,4,0,1,90.0,1.0,3.16,3.16,0.62,3.4,5.1
Roefs,GK,4.9,3,0,1,90.0,1.0,3.16,3.16,0.645,2.8,11.6
Collins,DEF,5.0,2,0,1,54.0,0.75,4.21,3.16,0.632,2.0,2.9
Bailey,MID,5.5,2,0,1,72.0,0.9,3.5,3.15,0.573,2.0,0.1
Smith Rowe,MID,5.6,3,1,1,89.6,1.0,3.14,3.14,0.561,2.0,0.5
Janelt,MID,4.9,2,0,1,90.0,1.0,3.13,3.13,0.639,3.0,0.3
Garner,MID,5.2,4,0,1,89.74074074074075,1.0,3.13,3.13,0.602,2.0,3.8
Wilson,FWD,5.8,4,0,1,90.0,1.0,3.12,3.12,0.538,3.0,0.6
Leno,GK,4.9,3,1,1,90.0,1.0,3.12,3.12,0.637,2.2,1.5
Barry,FWD,5.7,4,0,1,82.94736842105263,1.0,3.11,3.11,0.546,4.6,1.1
Berge,MID,4.9,3,1,1,86.57692307692308,1.0,3.1,3.1,0.633,1.8,0.1
Sarr,MID,6.4,4,0,1,68.51764705882353,0.9,3.41,3.07,0.48,3.8,3.9
Szoboszlai,MID,6.8,2,1,1,71.744,0.9,3.39,3.05,0.449,4.4,8.0
Elanga,MID,6.5,3,1,1,90.0,1.0,3.03,3.03,0.466,2.2,2.6
Struijk,DEF,4.3,4,1,1,72.0,0.9,3.36,3.02,0.702,2.4,0.4
Boscagli,DEF,4.2,2,1,1,69.8,0.9,3.35,3.01,0.717,2.2,0.1
Sancho,MID,5.8,2,0,1,72.0,0.9,3.34,3.01,0.519,2.6,0.2
Mané,FWD,4.6,3,1,1,90.0,1.0,3.0,3.0,0.652,2.0,2.7
Chalobah,DEF,5.7,5,0,1,87.6923076923077,1.0,3.0,3.0,0.526,2.8,22.0
Bowen,FWD,7.6,4,0,1,89.5925925925926,1.0,2.99,2.99,0.393,5.6,8.2
Vicario,GK,4.7,3,0,1,90.0,1.0,2.99,2.99,0.636,2.6,5.8
Wharton,MID,5.0,4,0,1,66.26666666666667,0.9,3.3,2.97,0.594,1.8,0.6
Gomez,DEF,4.9,2,1,1,30.7,0.55,5.39,2.96,0.604,1.6,0.1
Gibbs-White,MID,7.3,3,0,1,88.38461538461539,1.0,2.96,2.96,0.405,4.4,3.4
Rodrigo,MID,6.3,3,0,1,88.45454545454545,1.0,2.94,2.94,0.467,2.0,0.5
Rodon,DEF,3.9,4,1,1,87.6,1.0,2.94,2.94,0.754,2.8,3.9
Chukwueze,MID,5.3,3,1,1,72.0,0.9,3.25,2.92,0.551,2.6,0.1
Enzo,MID,6.8,5,0,1,89.36,1.0,2.9,2.9,0.426,5.2,20.5
Van den Berg,DEF,4.5,2,0,1,72.0,0.9,3.22,2.9,0.644,3.6,0.8
Botman,DEF,4.9,3,1,1,70.66666666666666,0.9,3.22,2.9,0.592,3.4,0.4
Dúbravka,GK,4.0,3,1,1,90.0,1.0,2.88,2.88,0.72,3.4,32.5
Ballard,DEF,4.6,3,0,1,90.0,1.0,2.88,2.88,0.626,2.8,3.1
Christie,MID,4.9,2,1,1,72.0,0.9,3.19,2.87,0.586,1.8,0.1
Delap,FWD,6.2,5,0,1,79.77777777777777,1.0,2.86,2.86,0.461,3.2,0.9
Sánchez,GK,4.9,5,0,1,86.6923076923077,1.0,2.84,2.84,0.58,4.2,14.5
Mavropanos,DEF,4.4,4,0,1,90.0,1.0,2.83,2.83,0.643,2.8,0.1
Watkins,FWD,8.6,2,0,1,51.88695652173912,0.75,3.78,2.83,0.329,2.4,9.0
João Pedro,FWD,7.7,5,0,1,85.47826086956522,1.0,2.83,2.83,0.368,9.8,47.2
J.Cuenca,DEF,4.3,3,1,1,67.63636363636364,0.9,3.14,2.83,0.658,1.2,0.1
Mukiele,DEF,4.6,3,0,1,86.52,1.0,2.8,2.8,0.609,4.4,13.5
J.Gomes,MID,5.3,3,1,1,88.1304347826087,1.0,2.8,2.8,0.528,2.0,0.3
Gudmundsson,DEF,3.8,4,1,1,68.64,0.9,3.1,2.79,0.734,2.0,3.8
Yeremy,MID,5.8,4,0,1,81.0,1.0,2.79,2.79,0.481,3.4,0.2
Ndiaye,MID,6.2,4,0,1,68.3047619047619,0.9,3.07,2.76,0.445,3.0,3.9
Cook,MID,4.9,2,1,1,90.0,1.0,2.76,2.76,0.563,2.2,0.1
Anthony,MID,5.0,3,1,1,83.23809523809524,1.0,2.75,2.75,0.55,3.0,1.8
Baleba,MID,4.5,2,1,1,65.55555555555556,0.9,3.04,2.74,0.609,1.8,1.5
Hee Chan,MID,5.6,3,1,1,61.01333333333334,0.9,3.05,2.74,0.489,1.8,0.1
Kevin,MID,5.8,3,1,1,90.0,1.0,2.73,2.73,0.471,3.0,0.1
Mitchell,DEF,5.0,4,0,1,71.05185185185185,0.9,3.03,2.73,0.546,2.2,2.1
Dewsbury-Hall,MID,5.0,4,0,1,69.47368421052632,0.9,3.02,2.72,0.544,3.8,3.3
J.Ramsey,MID,5.3,3,1,1,72.0,0.9,3.01,2.71,0.511,2.4,0.2
Burn,DEF,5.0,3,1,1,50.93333333333333,0.75,3.61,2.71,0.542,0.8,3.3
Bornauw,DEF,3.8,4,1,1,60.8,0.9,3.01,2.71,0.713,2.2,0.2
Chiesa,MID,6.3,2,1,1,72.0,0.9,2.99,2.69,0.427,1.8,0.3
Summerville,MID,5.7,4,0,1,83.8,1.0,2.68,2.68,0.47,7.6,3.2
Stach,MID,4.7,4,1,1,33.80952380952381,0.55,4.86,2.67,0.568,1.6,2.0
Ampadu,MID,4.9,4,1,1,88.70833333333333,1.0,2.67,2.67,0.545,3.0,0.2
Diouf,DEF,4.0,4,0,1,72.0,0.9,2.96,2.66,0.665,3.0,1.7
Khusanov,DEF,5.4,3,0,1,90.0,1.0,2.63,2.63,0.487,3.4,0.4
Hickey,DEF,4.0,2,0,1,50.4,0.75,3.5,2.62,0.655,2.0,0.4
Schade,MID,6.9,2,0,1,51.872727272727275,0.75,3.5,2.62,0.38,0.6,1.2
Hughes,MID,4.7,4,0,1,85.71428571428571,1.0,2.61,2.61,0.555,2.6,0.1
Semenyo,MID,8.1,3,0,1,89.84615384615384,1.0,2.59,2.59,0.32,6.6,52.6
Willock,MID,5.0,3,1,1,66.93333333333334,0.9,2.88,2.59,0.518,1.6,0.1
Tolu,FWD,5.4,3,1,1,90.0,1.0,2.59,2.59,0.48,3.2,0.2
J.Murphy,MID,5.9,3,1,1,50.4923076923077,0.75,3.43,2.57,0.436,1.0,0.6
Longstaff,MID,4.8,4,1,1,72.0,0.9,2.86,2.57,0.535,1.4,0.2
Gana,MID,5.4,4,0,1,66.22222222222221,0.9,2.84,2.56,0.474,2.2,0.1
Hudson-Odoi,MID,5.7,3,0,1,90.0,1.0,2.54,2.54,0.446,2.6,0.7
Robertson,DEF,5.7,2,1,1,36.0,0.55,4.61,2.54,0.446,2.0,1.0
O'Brien,DEF,4.9,4,0,1,90.0,1.0,2.54,2.54,0.518,3.0,0.7
Wissa,FWD,7.3,3,1,1,72.0,0.9,2.82,2.54,0.348,1.6,0.6
E.Le Fée,MID,4.9,3,0,1,88.125,1.0,2.54,2.54,0.518,3.4,1.3
Frimpong,DEF,5.7,2,1,1,35.86666666666666,0.55,4.6,2.53,0.444,0.8,4.6
Beto,FWD,5.0,4,0,1,72.0,0.9,2.81,2.53,0.506,2.6,2.4
Souček,MID,5.7,4,0,1,90.0,1.0,2.52,2.52,0.442,3.4,0.3
Bogle,DEF,4.4,4,1,1,87.91666666666667,1.0,2.52,2.52,0.573,4.6,0.2
Scott,MID,5.0,2,1,1,81.16666666666667,1.0,2.51,2.51,0.502,4.4,1.1
Milenković,DEF,5.1,3,0,1,90.0,1.0,2.51,2.51,0.492,4.2,3.2
Pau,DEF,4.3,2,0,1,54.0,0.75,3.34,2.5,0.581,2.0,0.3
Bellegarde,MID,5.1,3,1,1,65.16363636363636,0.9,2.78,2.5,0.49,1.4,0.0
Foster,FWD,4.9,3,1,1,84.91666666666667,1.0,2.49,2.49,0.508,2.8,0.8
José Sá,GK,4.2,3,1,1,90.0,1.0,2.47,2.47,0.588,4.2,1.2
Palmer,MID,10.6,5,0,1,60.97142857142857,0.9,2.74,2.47,0.233,8.2,16.8
Alderete,DEF,4.1,3,0,1,90.0,1.0,2.47,2.47,0.602,2.6,6.4
Georginio,MID,5.6,2,1,1,50.06666666666667,0.75,3.27,2.45,0.438,1.2,0.3
Kostoulas,FWD,4.8,2,1,1,90.0,1.0,2.44,2.44,0.508,3.2,0.4
Edwards,MID,4.7,3,1,1,90.0,1.0,2.44,2.44,0.519,4.0,0.1
Veltman,DEF,4.3,2,1,1,36.0,0.55,4.43,2.44,0.567,0.6,0.1
Henderson,MID,5.0,2,0,1,69.11111111111111,0.9,2.71,2.44,0.488,1.8,0.3
Castagne,DEF,4.3,3,1,1,72.0,0.9,2.7,2.43,0.565,1.4,0.1
Wan-Bissaka,DEF,4.1,4,0,1,90.0,1.0,2.39,2.39,0.583,4.0,4.6
Mazraoui,DEF,4.9,3,1,1,46.0,0.75,3.19,2.39,0.488,2.0,0.2
Tchatchoua,DEF,4.4,3,1,1,54.0,0.75,3.18,2.39,0.543,1.8,0.0
Justin,DEF,3.9,4,1,1,90.0,1.0,2.34,2.34,0.6,5.6,1.0
Mykolenko,DEF,4.9,4,0,1,71.6,0.9,2.59,2.33,0.476,2.4,0.6
Rayan,MID,5.6,2,1,1,54.0,0.75,3.11,2.33,0.416,4.2,2.0
Lucas Pires,DEF,3.8,3,1,1,72.0,0.9,2.59,2.33,0.613,1.6,0.3
Armstrong,MID,4.5,4,0,1,80.33333333333333,1.0,2.33,2.33,0.518,2.2,0.1
Robinson,DEF,4.9,3,1,1,53.4,0.75,3.07,2.3,0.469,1.2,0.7
Keane,DEF,4.6,4,0,1,53.1,0.75,3.02,2.26,0.491,1.2,3.5
Hinshelwood,MID,5.1,2,1,1,54.0,0.75,3.0,2.25,0.441,0.8,0.0
Laurent,MID,4.8,3,1,1,90.0,1.0,2.24,2.24,0.467,1.6,0.0
N.Williams,DEF,4.7,3,0,1,70.58461538461538,0.9,2.48,2.23,0.474,4.0,2.9
Florentino,MID,5.0,3,1,1,83.15789473684211,1.0,2.23,2.23,0.446,2.4,0.0
Walker,DEF,4.4,3,1,1,70.18461538461538,0.9,2.47,2.22,0.505,2.0,1.1
Johnson,MID,6.5,4,0,1,90.0,1.0,2.22,2.22,0.342,2.2,2.4
Mings,DEF,4.3,2,0,1,52.133333333333326,0.75,2.95,2.21,0.514,4.0,0.7
Cherki,MID,6.4,3,0,1,72.0,0.9,2.43,2.19,0.342,3.2,8.2
Hermansen,GK,4.2,4,0,1,36.0,0.55,3.99,2.19,0.521,2.4,0.3
Armstrong,FWD,5.4,3,1,1,49.8,0.75,2.92,2.19,0.406,1.6,0.1
Bernardo,MID,6.2,3,0,1,86.43478260869566,1.0,2.19,2.19,0.353,4.4,0.6
Chadi Riad,DEF,4.0,4,0,1,54.0,0.75,2.91,2.18,0.545,1.6,0.0
R.Gomes,DEF,4.4,3,1,1,90.0,1.0,2.16,2.16,0.491,2.8,0.1
Andrey Santos,MID,4.5,5,0,1,72.0,0.9,2.4,2.16,0.48,1.6,0.3
Humphreys,DEF,3.9,3,1,1,90.0,1.0,2.16,2.16,0.554,2.4,0.1
Gusto,DEF,4.9,5,0,1,72.0,0.9,2.4,2.16,0.441,1.4,2.0
Milner,MID,4.9,2,1,1,54.0,0.75,2.87,2.15,0.439,1.2,0.1
Branthwaite,DEF,5.3,4,0,1,72.0,0.9,2.38,2.14,0.404,2.0,0.2
Cucurella,DEF,6.1,5,0,1,85.68181818181819,1.0,2.14,2.14,0.351,4.2,14.7
Fofana,DEF,4.4,5,0,1,90.0,1.0,2.1,2.1,0.477,3.2,0.4
Calvert-Lewin,FWD,5.8,4,1,1,36.0,0.55,3.82,2.1,0.362,1.8,9.8
Lindelöf,DEF,4.5,2,0,1,36.0,0.55,3.78,2.08,0.462,2.4,0.1
Enes Ünal,FWD,5.4,2,1,1,54.0,0.75,2.77,2.08,0.385,1.2,0.0
Caicedo,MID,5.7,5,0,1,88.76190476190476,1.0,2.06,2.06,0.361,1.8,7.8
J.Arias,MID,4.9,3,1,1,47.871428571428574,0.75,2.75,2.06,0.42,1.4,0.1
M.Fernandes,MID,5.5,4,0,1,84.70833333333333,1.0,2.06,2.06,0.375,4.8,0.5
Estève,DEF,3.9,3,1,1,85.79166666666667,1.0,2.02,2.02,0.518,2.0,7.9
Patterson,DEF,4.4,4,0,1,47.4,0.75,2.68,2.01,0.457,2.0,0.0
Guéhi,DEF,5.2,3,0,1,72.0,0.9,2.23,2.01,0.387,3.2,36.9
Lerma,MID,4.9,4,0,1,90.0,1.0,2.0,2.0,0.408,3.0,0.1
Brobbey,FWD,5.5,3,0,1,90.0,1.0,1.99,1.99,0.362,4.2,1.2
Hume,DEF,4.5,3,0,1,88.76,1.0,1.98,1.98,0.44,2.4,0.3
Osula,FWD,5.4,3,1,1,54.0,0.75,2.6,1.95,0.361,1.2,0.2
Onana,MID,4.8,2,0,1,47.919999999999995,0.75,2.57,1.93,0.402,1.6,0.7
Sangaré,MID,4.9,3,0,1,82.58823529411765,1.0,1.92,1.92,0.392,2.4,0.1
James,DEF,5.6,5,0,1,54.0,0.75,2.56,1.92,0.343,2.2,8.2
Solanke,FWD,7.2,3,0,1,90.0,1.0,1.88,1.88,0.261,4.0,1.3
Anderson,MID,5.4,3,0,1,89.48148148148148,1.0,1.88,1.88,0.348,3.2,6.2
Hannibal,MID,4.7,3,1,1,72.0,0.9,2.09,1.88,0.4,2.8,0.1
Tielemans,MID,5.9,2,0,1,34.533333333333324,0.55,3.39,1.86,0.315,1.0,0.6
Bruun Larsen,MID,5.3,3,1,1,54.0,0.75,2.47,1.85,0.349,1.2,0.0
Merino,MID,5.4,3,1,1,36.0,0.55,3.33,1.83,0.339,2.2,0.9
King,MID,4.4,3,1,1,49.527272727272724,0.75,2.44,1.83,0.416,1.8,1.8
Flemming,FWD,5.3,3,1,1,49.909090909090914,0.75,2.44,1.83,0.345,1.2,0.3
G.Jesus,FWD,6.4,3,1,1,90.0,1.0,1.81,1.81,0.283,2.6,0.5
Areola,GK,4.3,4,0,1,54.0,0.75,2.41,1.81,0.421,1.6,2.1
Gruev,MID,4.7,4,1,1,85.38461538461539,1.0,1.8,1.8,0.383,3.8,0.1
André,MID,5.2,3,1,1,72.0,0.9,1.98,1.78,0.342,1.2,0.1
Ayari,MID,4.8,2,1,1,36.0,0.55,3.21,1.77,0.369,3.0,0.5
L.Miley,MID,4.5,3,1,1,36.0,0.55,3.17,1.74,0.387,1.0,2.6
Tete,DEF,4.5,3,1,1,34.0,0.55,3.16,1.74,0.387,0.8,0.3
Endo,MID,4.9,2,1,1,54.0,0.75,2.31,1.73,0.353,1.4,0.1
Ugarte,MID,4.7,3,1,1,54.0,0.75,2.29,1.72,0.366,1.6,0.2
Van de Ven,DEF,4.5,3,0,1,71.648,0.9,1.9,1.71,0.38,2.6,23.0
Pablo,FWD,5.5,4,0,1,66.66666666666666,0.9,1.9,1.71,0.311,1.6,0.0
Igor Jesus,FWD,5.8,3,0,1,83.44444444444444,1.0,1.7,1.7,0.293,3.4,1.2
Dorgu,DEF,4.2,3,1,1,36.0,0.55,3.1,1.7,0.405,4.6,4.0
Brooks,MID,5.0,2,1,1,35.236363636363635,0.55,3.04,1.67,0.334,0.6,0.2
Tuanzebe,DEF,3.9,3,1,1,50.78181818181819,0.75,2.19,1.64,0.421,2.0,1.0
Adama,MID,5.1,4,0,1,54.0,0.75,2.18,1.64,0.322,1.2,0.2
White,DEF,5.1,3,1,1,32.71999999999999,0.55,2.92,1.61,0.316,1.6,0.5
Cairney,MID,4.8,3,1,1,54.0,0.75,2.13,1.6,0.333,1.2,0.0
Guessand,MID,6.2,4,0,1,36.0,0.55,2.85,1.57,0.253,1.6,0.0
Yoro,DEF,4.1,3,1,1,36.0,0.55,2.85,1.57,0.383,0.8,1.2
Matheus N.,DEF,5.4,3,0,1,72.0,0.9,1.73,1.56,0.289,5.4,3.2
Zirkzee,FWD,5.8,3,1,1,36.0,0.55,2.81,1.55,0.267,0.8,0.4
Marmoush,MID,8.3,3,0,1,70.4,0.9,1.71,1.54,0.186,3.2,2.5
Acheampong,DEF,3.7,5,0,1,48.6,0.75,2.06,1.54,0.416,1.8,1.6
Uche,FWD,5.5,4,0,1,54.0,0.75,2.04,1.53,0.278,1.2,0.1
Broja,FWD,5.2,3,1,1,54.0,0.75,2.03,1.52,0.292,1.2,0.2
Foden,MID,8.1,3,0,1,68.64,0.9,1.69,1.52,0.188,2.4,9.2
O'Riley,MID,5.5,2,1,1,18.0,0.35,4.3,1.51,0.275,0.4,0.3
Potts,MID,4.4,4,0,1,54.0,0.75,2.01,1.51,0.343,1.4,0.6
Sadiki,MID,4.9,3,0,1,87.9090909090909,1.0,1.5,1.5,0.306,2.6,0.1
Xavi,MID,6.5,3,0,1,90.0,1.0,1.5,1.5,0.231,2.6,1.2
Havertz,FWD,7.3,3,1,1,31.2,0.55,2.72,1.5,0.205,1.4,0.6
Joelinton,MID,5.9,3,1,1,32.8,0.55,2.7,1.49,0.253,0.8,0.3
Iroegbunam,MID,4.8,4,0,1,33.733333333333334,0.55,2.69,1.48,0.308,0.6,0.0
Tanaka,MID,4.8,4,1,1,36.0,0.55,2.67,1.47,0.306,1.0,0.2
Bobb,MID,5.1,3,1,1,36.0,0.55,2.67,1.47,0.288,0.8,0.2
Ngumoha,MID,4.3,2,1,1,35.6,0.55,2.66,1.46,0.34,0.8,0.8
Hato,DEF,4.6,5,0,1,72.0,0.9,1.6,1.44,0.313,2.4,0.2
Barkley,MID,4.8,2,0,1,36.0,0.55,2.62,1.44,0.3,1.0,0.0
Angel,MID,4.9,3,1,1,35.4,0.55,2.58,1.42,0.29,1.4,0.0
Bassey,DEF,4.4,3,1,1,36.0,0.55,2.59,1.42,0.323,0.8,0.4
Douglas Luiz,MID,4.9,2,0,1,43.266666666666666,0.55,2.59,1.42,0.29,1.4,0.1
Tchaouna,MID,4.9,3,1,1,35.733333333333334,0.55,2.56,1.41,0.288,0.8,0.0
Gray,MID,4.8,3,0,1,78.23076923076923,1.0,1.4,1.4,0.292,3.4,0.1
Aina,DEF,4.7,3,0,1,88.0,1.0,1.39,1.39,0.296,5.4,2.3
Scarles,DEF,4.3,4,0,1,72.66666666666667,0.9,1.54,1.39,0.323,3.2,0.0
Tóth.A,MID,5.0,2,1,1,39.6,0.55,2.48,1.36,0.272,1.4,0.0
James,MID,5.2,4,1,1,36.0,0.55,2.47,1.36,0.262,0.8,0.1
Canvot,DEF,4.5,4,0,1,18.0,0.35,3.87,1.35,0.3,0.2,0.0
Gnonto,MID,5.2,4,1,1,34.6,0.55,2.43,1.34,0.258,1.0,0.1
Disasi,DEF,4.5,4,0,1,36.0,0.55,2.38,1.31,0.291,1.6,0.1
Todibo,DEF,4.3,4,0,1,50.7,0.75,1.73,1.3,0.302,0.8,0.1
Walker-Peters,DEF,4.2,4,0,1,36.0,0.55,2.34,1.29,0.307,1.6,0.2
McNeil,MID,5.5,4,0,1,35.142857142857146,0.55,2.32,1.28,0.233,1.4,0.1
Gittens,MID,6.0,5,0,1,36.0,0.55,2.33,1.28,0.213,0.8,0.1
Nmecha,FWD,5.0,4,1,1,36.0,0.55,2.31,1.27,0.254,3.8,0.6
Dibling,MID,5.3,4,0,1,34.8,0.55,2.23,1.23,0.232,0.8,0.0
Romero,DEF,5.0,3,0,1,68.4,0.9,1.37,1.23,0.246,3.8,3.3
Howell,MID,4.5,2,1,1,31.6,0.55,2.2,1.21,0.269,0.8,0.0
Grealish,MID,6.3,4,0,1,18.0,0.35,3.44,1.2,0.19,0.6,6.0
Mateta,FWD,7.5,4,0,1,16.556521739130435,0.35,3.39,1.19,0.159,0.4,6.8
Kilman,DEF,4.2,4,0,1,54.0,0.75,1.58,1.19,0.283,1.2,0.1
Tavernier,MID,5.3,2,1,1,17.72,0.35,3.36,1.18,0.223,1.4,1.1
Kamada,MID,5.0,4,0,1,34.53333333333333,0.55,2.14,1.18,0.236,1.0,0.1
Diakité,DEF,4.2,2,1,1,17.0,0.35,3.37,1.18,0.281,1.2,0.3
Milosavljević,DEF,4.4,2,1,1,18.0,0.35,3.35,1.17,0.266,0.4,0.0
Hutchinson,MID,5.4,3,0,1,72.0,0.9,1.24,1.12,0.207,2.8,0.1
Odobert,MID,5.3,3,0,1,90.0,1.0,1.11,1.11,0.209,3.2,0.1
Gruda,MID,5.4,2,1,1,17.7,0.35,3.14,1.1,0.204,0.4,0.0
Tel,MID,6.2,3,0,1,54.0,0.75,1.45,1.09,0.176,1.2,0.1
Garnacho,MID,6.4,5,0,1,44.45,0.55,1.98,1.09,0.17,1.4,0.5
Kolo Muani,FWD,6.9,3,0,1,66.83076923076922,0.9,1.2,1.08,0.157,1.6,0.4
Aït-Nouri,DEF,5.7,3,0,1,63.2,0.9,1.19,1.07,0.188,3.0,3.9
Estêvão,MID,6.4,5,0,1,29.52,0.35,2.92,1.02,0.159,2.8,2.2
Mosquera,DEF,5.3,3,1,1,18.0,0.35,2.87,1.0,0.189,0.4,0.1
B.Badiashile,DEF,4.4,5,0,1,31.333333333333336,0.55,1.79,0.98,0.223,0.8,0.0
Bissouma,MID,5.2,3,0,1,83.5,1.0,0.96,0.96,0.185,1.8,0.0
Bijol,DEF,3.9,4,1,1,18.0,0.35,2.74,0.96,0.246,0.4,0.4
Sels,GK,4.6,3,0,1,52.95789473684211,0.75,1.24,0.93,0.202,3.6,4.8
Devenny,MID,4.3,4,0,1,18.0,0.35,2.66,0.93,0.216,0.4,1.3
Isidor,FWD,5.1,3,0,1,72.0,0.9,1.03,0.93,0.182,1.6,1.4
Elliott,MID,5.1,2,0,1,18.0,0.35,2.64,0.92,0.18,0.4,0.2
McGinn,MID,5.4,2,0,1,15.152380952380952,0.35,2.64,0.92,0.17,0.4,0.5
J.Palhinha,MID,5.5,3,0,1,54.0,0.75,1.21,0.91,0.165,1.0,0.8
Talbi,MID,4.9,3,0,1,72.0,0.9,1.0,0.9,0.184,2.8,0.2
Ndoye,MID,5.5,3,0,1,63.02857142857143,0.9,0.98,0.88,0.16,2.0,0.7
Morato,DEF,4.3,3,0,1,72.0,0.9,0.97,0.87,0.202,3.2,0.1
Agbadou,DEF,4.2,3,1,1,18.0,0.35,2.46,0.86,0.205,0.4,0.1
Lukić,MID,4.9,3,1,1,16.106666666666666,0.35,2.43,0.85,0.173,0.2,0.1
S.Magassa,MID,5.0,4,0,1,16.52,0.35,2.43,0.85,0.17,0.4,0.0
Piroe,FWD,4.9,4,1,1,18.0,0.35,2.41,0.84,0.171,0.4,0.3
Møller Wolfe,DEF,4.2,3,1,1,18.0,0.35,2.4,0.84,0.2,1.2,0.1
Alcaraz,MID,5.2,4,0,1,18.0,0.35,2.4,0.84,0.162,0.4,0.1
Ward-Prowse,MID,5.6,3,1,1,18.0,0.35,2.39,0.84,0.15,0.4,0.2
Buonanotte,MID,4.6,4,1,1,27.6,0.35,2.38,0.83,0.18,0.6,0.1
Heaven,DEF,3.7,3,1,1,15.925,0.35,2.35,0.82,0.222,1.2,2.2
Ekdal,DEF,3.9,3,1,1,18.0,0.35,2.32,0.81,0.208,0.4,0.8
Tosin,DEF,4.0,5,0,1,18.0,0.35,2.3,0.8,0.2,1.2,0.2
Reijnders,MID,5.0,3,0,1,68.37647058823529,0.9,0.87,0.78,0.156,2.0,10.0
Murillo,DEF,5.2,3,0,1,51.757894736842104,0.75,1.04,0.78,0.15,2.8,1.9
Diop,DEF,4.3,3,1,1,18.0,0.35,2.24,0.78,0.181,0.4,0.1
G.Rodriguez,MID,4.8,4,0,1,17.5,0.35,2.19,0.77,0.16,0.4,0.0
Worrall,DEF,3.8,3,1,1,18.0,0.35,2.19,0.77,0.203,0.4,0.2
Geertruida,DEF,4.5,3,0,1,54.0,0.75,1.0,0.75,0.167,2.0,0.0
Muniz,FWD,5.3,3,1,1,18.0,0.35,2.14,0.75,0.142,0.4,0.7
Röhl,MID,5.0,4,0,1,18.0,0.35,2.1,0.73,0.146,0.6,0.0
George,MID,4.8,4,0,1,18.0,0.35,2.09,0.73,0.152,0.4,0.1
Mount,MID,5.9,3,1,1,16.240000000000002,0.35,2.01,0.7,0.119,0.6,0.3
Dominguez,MID,5.0,3,0,1,54.86666666666666,0.75,0.91,0.68,0.136,2.0,0.0
Isak,FWD,10.3,2,1,1,0.0,0.1,6.55,0.66,0.064,0.0,3.5
Gallagher,MID,5.4,3,0,1,78.83333333333333,1.0,0.66,0.66,0.122,2.6,0.1
P.M.Sarr,MID,4.5,3,0,1,54.0,0.75,0.86,0.65,0.144,2.0,1.1
Spence,DEF,4.2,3,0,1,53.242105263157896,0.75,0.8,0.6,0.143,0.8,1.0
Pedro Porro,DEF,5.1,3,0,1,34.666666666666664,0.55,0.95,0.52,0.102,1.4,9.3
Luis Díaz,MID,8.0,2,1,1,0.0,0.1,4.85,0.48,0.06,0.0,0.0
Mundle,MID,4.9,3,0,1,72.0,0.9,0.52,0.47,0.096,1.8,0.0
Reinildo,DEF,3.8,3,0,1,83.94117647058823,1.0,0.44,0.44,0.116,3.4,3.1
Aké,DEF,5.3,3,0,1,36.0,0.55,0.8,0.44,0.083,0.8,0.6
Bradley,DEF,4.9,2,1,1,0.0,0.1,4.28,0.43,0.088,0.0,0.2
Ortega Moreno,GK,4.7,3,0,1,36.0,0.55,0.77,0.42,0.089,1.8,0.2
Doku,MID,6.4,3,0,1,36.0,0.55,0.76,0.42,0.066,1.0,2.3
Tsimikas,DEF,4.8,2,1,1,0.0,0.1,3.9,0.39,0.081,0.0,0.0
Webster,DEF,4.4,2,1,1,0.0,0.1,3.88,0.39,0.089,0.0,0.0
Neto,GK,4.5,2,1,1,0.0,0.1,3.89,0.39,0.087,0.0,0.1
Estupiñan,DEF,4.5,2,1,1,0.0,0.1,3.89,0.39,0.087,0.0,0.0
Diarra,MID,5.3,3,0,1,72.0,0.9,0.43,0.39,0.074,3.6,0.1
Zabarnyi,DEF,5.0,2,1,1,0.0,0.1,3.9,0.39,0.078,0.0,0.0
Leoni,DEF,4.9,2,1,1,0.0,0.1,3.9,0.39,0.08,0.0,0.0
Lamptey,DEF,4.4,2,1,1,0.0,0.1,3.88,0.39,0.089,0.0,0.1
Woodman,GK,3.9,2,1,1,0.0,0.1,3.76,0.38,0.097,0.0,0.2
Darwin,FWD,6.5,2,1,1,0.0,0.1,3.82,0.38,0.058,0.0,0.1
Malen,MID,5.1,2,0,1,0.0,0.1,3.81,0.38,0.075,0.0,0.4
McKenna,GK,3.9,2,1,1,0.0,0.1,3.76,0.38,0.097,0.0,0.3
McGill,GK,3.9,2,1,1,0.0,0.1,3.76,0.38,0.097,0.0,0.3
Steele,GK,4.2,2,1,1,0.0,0.1,3.73,0.37,0.088,0.0,0.2
Forster,GK,4.0,2,1,1,0.0,0.1,3.73,0.37,0.092,0.0,0.0
Nallo,DEF,3.7,2,1,1,0.0,0.1,3.68,0.37,0.1,0.0,1.2
R.Williams,DEF,3.7,2,1,1,0.0,0.1,3.68,0.37,0.1,0.0,0.6
Scherpen,GK,4.0,2,1,1,0.0,0.1,3.73,0.37,0.092,0.0,0.0
Cashin,DEF,4.0,2,1,1,0.0,0.1,3.73,0.37,0.092,0.0,0.0
Simmonds,DEF,4.0,2,1,1,0.0,0.1,3.73,0.37,0.092,0.0,0.0
Lucky,DEF,4.0,2,1,1,0.0,0.1,3.73,0.37,0.092,0.0,0.0
Slater,DEF,4.0,2,1,1,0.0,0.1,3.73,0.37,0.092,0.0,0.1
Cirkin,DEF,4.0,3,0,1,36.0,0.55,0.68,0.37,0.092,0.8,0.1
Mandas,GK,4.0,2,1,1,0.0,0.1,3.73,0.37,0.092,0.0,0.0
Paulsen,GK,4.0,2,1,1,0.0,0.1,3.73,0.37,0.092,0.0,0.1
Mepham,DEF,4.0,2,1,1,0.0,0.1,3.73,0.37,0.092,0.0,0.1
Dennis,GK,4.0,2,1,1,0.0,0.1,3.73,0.37,0.092,0.0,0.7
Rushworth,GK,4.0,2,1,1,0.0,0.1,3.73,0.37,0.092,0.0,0.0
Tasker,DEF,3.8,2,1,1,0.0,0.1,3.64,0.36,0.095,0.0,0.2
Pécsi,GK,3.8,2,1,1,0.0,0.1,3.64,0.36,0.095,0.0,0.8
Ferguson,FWD,5.5,2,1,1,0.0,0.1,3.56,0.36,0.065,0.0,0.0
Coppola,DEF,4.2,2,1,1,0.0,0.1,3.57,0.36,0.086,0.0,0.0
Mamardashvili,GK,4.1,2,1,1,0.0,0.1,3.64,0.36,0.088,0.0,0.5
Ramsay,DEF,3.8,2,1,1,0.0,0.1,3.64,0.36,0.095,0.0,0.2
Akinmboni,DEF,3.8,2,1,1,0.0,0.1,3.64,0.36,0.095,0.0,0.2
J.Araujo,DEF,3.8,2,1,1,0.0,0.1,3.64,0.36,0.095,0.0,0.5
Bevan,DEF,3.8,2,1,1,0.0,0.1,3.64,0.36,0.095,0.0,0.2
M.Bizot,GK,4.2,2,0,1,0.0,0.1,3.48,0.35,0.083,0.0,0.4
Enciso,MID,5.4,2,1,1,0.0,0.1,3.42,0.34,0.063,0.0,0.0
Sima,MID,5.4,2,1,1,0.0,0.1,3.42,0.34,0.063,0.0,0.0
March,MID,5.8,2,1,1,0.0,0.1,3.39,0.34,0.059,0.0,0.0
Wieffer,MID,4.9,2,1,1,0.0,0.1,3.44,0.34,0.069,0.0,0.1
Sadi,MID,4.5,2,1,1,0.0,0.1,3.29,0.33,0.073,0.0,0.0
Philip,MID,4.9,2,1,1,0.0,0.1,3.29,0.33,0.067,0.0,0.0
McConnell,MID,4.4,2,1,1,0.0,0.1,3.29,0.33,0.075,0.0,0.0
Knight,MID,4.4,2,1,1,0.0,0.1,3.29,0.33,0.075,0.0,0.1
Silcott-Duberry,MID,4.4,2,1,1,0.0,0.1,3.29,0.33,0.075,0.0,0.1
Adu-Adjei,FWD,4.4,2,1,1,0.0,0.1,3.33,0.33,0.075,0.0,0.1
Stevens,MID,4.5,2,1,1,0.0,0.1,3.29,0.33,0.073,0.0,0.0
Kluivert,MID,7.0,2,1,1,0.0,0.1,3.28,0.33,0.047,0.0,0.6
Mazilu,MID,4.5,2,1,1,0.0,0.1,3.29,0.33,0.073,0.0,0.0
Moran,MID,4.5,2,1,1,0.0,0.1,3.29,0.33,0.073,0.0,0.0
Sarmiento,MID,4.9,2,1,1,0.0,0.1,3.29,0.33,0.067,0.0,0.0
Faivre,MID,4.5,2,1,1,0.0,0.1,3.29,0.33,0.073,0.0,0.1
Rees-Dottin,MID,4.3,2,1,1,0.0,0.1,3.28,0.33,0.077,0.0,0.2
DaCosta,MID,4.5,2,1,1,0.0,0.1,3.29,0.33,0.073,0.0,0.0
Oriola,MID,4.5,2,1,1,0.0,0.1,3.29,0.33,0.073,0.0,0.0
Bajcetic,MID,4.3,2,1,1,0.0,0.1,3.28,0.33,0.077,0.0,0.0
Morrison,MID,4.5,2,1,1,0.0,0.1,3.29,0.33,0.073,0.0,0.0
Morton,MID,4.5,2,1,1,0.0,0.1,3.29,0.33,0.073,0.0,0.0
Danns,FWD,4.3,2,1,1,0.0,0.1,3.32,0.33,0.077,0.0,0.1
Nyoni,MID,4.3,2,1,1,0.0,0.1,3.28,0.33,0.077,0.0,0.3
Yalcouye,MID,5.0,2,1,1,0.0,0.1,3.25,0.32,0.064,0.0,0.0
Schmidt,DEF,4.0,4,1,1,0.0,0.1,3.17,0.32,0.08,0.0,0.1
Roerslev,DEF,4.5,2,0,1,0.0,0.1,3.22,0.32,0.071,0.0,0.0
Tzimas,FWD,5.2,2,1,1,0.0,0.1,3.21,0.32,0.062,0.0,0.1
Sinisterra,MID,5.0,2,1,1,0.0,0.1,3.25,0.32,0.064,0.0,0.0
Reed,MID,4.3,3,1,1,4.6,0.1,3.19,0.32,0.074,0.4,0.4
Meslier,GK,4.1,4,1,1,0.0,0.1,3.17,0.32,0.078,0.0,0.3
Cairns,GK,3.9,4,1,1,0.0,0.1,3.19,0.32,0.082,0.0,0.2
Angulo,MID,5.0,3,0,1,30.6,0.55,0.56,0.31,0.062,0.8,0.0
Rowe,DEF,4.0,2,0,1,0.0,0.1,3.06,0.31,0.078,0.0,0.1
Cox,GK,3.9,2,0,1,0.0,0.1,3.06,0.31,0.079,0.0,0.1
Proctor,GK,3.9,2,0,1,0.0,0.1,3.06,0.31,0.079,0.0,0.6
Patterson,DEF,3.9,2,0,1,0.0,0.1,3.06,0.31,0.079,0.0,0.2
Wright,GK,3.9,2,0,1,0.0,0.1,3.06,0.31,0.079,0.0,0.6
Balcombe,GK,3.9,2,0,1,0.0,0.1,3.06,0.31,0.079,0.0,0.3
Meghoma,DEF,4.0,2,0,1,0.0,0.1,3.06,0.31,0.078,0.0,0.0
Carroll,DEF,4.0,2,0,1,0.0,0.1,3.06,0.31,0.078,0.0,0.0
Leon Routh,DEF,4.0,2,0,1,0.0,0.1,3.06,0.31,0.078,0.0,0.0
Hollingshead,GK,4.0,2,0,1,0.0,0.1,3.06,0.31,0.078,0.0,0.0
Yasin,DEF,4.0,2,0,1,0.0,0.1,3.06,0.31,0.078,0.0,0.1
Eyestone,GK,3.9,2,0,1,0.0,0.1,3.06,0.31,0.079,0.0,0.1
Alex Moreno,DEF,4.0,2,0,1,0.0,0.1,3.06,0.31,0.078,0.0,1.6
Marschall,GK,4.0,2,0,1,0.0,0.1,3.06,0.31,0.078,0.0,0.0
Gauci,GK,4.0,2,0,1,0.0,0.1,3.06,0.31,0.078,0.0,0.1
Onyeka,MID,4.8,2,0,1,0.0,0.1,3.08,0.31,0.065,0.0,0.0
Ji-soo,DEF,3.9,2,0,1,0.0,0.1,3.06,0.31,0.079,0.0,0.1
Nelson,MID,4.8,2,0,1,0.0,0.1,3.12,0.31,0.065,0.0,0.1
Pinnock,DEF,4.2,2,0,1,0.0,0.1,3.1,0.31,0.074,0.0,0.1
Valdimarsson,GK,3.9,2,0,1,0.0,0.1,3.06,0.31,0.079,0.0,0.6
Fredrick,DEF,4.0,2,0,1,0.0,0.1,3.06,0.31,0.078,0.0,0.1
Kamara,MID,4.9,2,0,1,0.0,0.1,2.97,0.3,0.061,0.0,0.2
Arthur,DEF,3.8,2,0,1,0.0,0.1,2.94,0.29,0.076,0.0,0.2
Fletcher,MID,4.4,3,1,1,3.0,0.1,2.89,0.29,0.066,0.6,0.0
Chambers,MID,4.4,4,1,1,0.0,0.1,2.86,0.29,0.066,0.0,0.0
Sousa,DEF,3.8,2,0,1,0.0,0.1,2.94,0.29,0.076,0.0,0.3
Gyabi,MID,4.5,4,1,1,0.0,0.1,2.86,0.29,0.064,0.0,0.0
Adams,MID,4.9,2,1,1,0.0,0.1,2.93,0.29,0.059,0.0,0.3
Greenwood,MID,4.9,4,1,1,0.0,0.1,2.86,0.29,0.059,0.0,0.0
Iling Jr,MID,5.5,2,0,1,0.0,0.1,2.9,0.29,0.053,0.0,0.0
Crew,MID,4.5,4,1,1,0.0,0.1,2.86,0.29,0.064,0.0,0.0
Ramazani,MID,4.9,4,1,1,0.0,0.1,2.86,0.29,0.059,0.0,0.0
Gelhardt,MID,4.5,4,1,1,0.0,0.1,2.86,0.29,0.064,0.0,0.0
Bamford,FWD,4.9,4,1,1,0.0,0.1,2.85,0.28,0.057,0.0,0.3
Mateo Joseph,FWD,5.0,4,1,1,0.0,0.1,2.85,0.28,0.056,0.0,0.0
Perri,GK,4.5,4,1,1,0.0,0.1,2.76,0.28,0.062,0.0,0.2
Carvalho,MID,4.7,2,0,1,0.0,0.1,2.78,0.28,0.06,0.0,0.1
Gannon-Doak,MID,4.8,2,1,1,0.0,0.1,2.79,0.28,0.058,0.0,0.0
Lucca,FWD,5.5,3,0,1,36.0,0.55,0.5,0.28,0.051,1.6,0.0
Igor,DEF,4.5,2,1,1,0.0,0.1,2.81,0.28,0.062,0.0,0.1
Gray,FWD,4.5,4,1,1,0.0,0.1,2.85,0.28,0.062,0.0,0.1
Nketiah,FWD,5.4,4,0,1,0.0,0.1,2.69,0.27,0.05,0.0,0.3
Morgan,FWD,4.4,2,0,1,0.0,0.1,2.69,0.27,0.061,0.0,0.3
A.García,DEF,3.9,2,0,1,0.0,0.1,2.67,0.27,0.069,0.0,0.2
Nunes,MID,4.9,2,0,1,0.0,0.1,2.65,0.27,0.055,0.0,0.0
Bentt,MID,4.5,2,0,1,0.0,0.1,2.65,0.27,0.06,0.0,0.0
Dasilva,MID,4.9,2,0,1,0.0,0.1,2.65,0.27,0.055,0.0,0.0
Trevitt,MID,4.5,2,0,1,0.0,0.1,2.65,0.27,0.06,0.0,0.0
Peart-Harris,MID,4.4,2,0,1,0.0,0.1,2.65,0.27,0.061,0.0,0.0
Broggio,MID,4.4,2,0,1,0.0,0.1,2.65,0.27,0.061,0.0,0.3
Maghoma,MID,4.5,2,0,1,0.0,0.1,2.65,0.27,0.06,0.0,0.0
Redmond,FWD,4.5,2,0,1,0.0,0.1,2.69,0.27,0.06,0.0,0.3
Furo,FWD,4.5,2,0,1,0.0,0.1,2.69,0.27,0.06,0.0,0.0
Dendoncker,MID,4.5,2,0,1,0.0,0.1,2.65,0.27,0.06,0.0,0.1
Barrenechea,MID,5.0,2,0,1,0.0,0.1,2.62,0.26,0.052,0.0,0.0
Dobbin,MID,5.0,2,0,1,0.0,0.1,2.62,0.26,0.052,0.0,0.0
Donovan,MID,4.4,2,0,1,8.0,0.1,2.61,0.26,0.059,0.8,0.1
Konak,MID,4.3,2,0,1,0.0,0.1,2.64,0.26,0.06,0.0,0.2
Young,MID,4.3,2,0,1,0.0,0.1,2.64,0.26,0.06,0.0,0.6
Soler,DEF,4.0,2,1,1,0.0,0.1,2.64,0.26,0.065,0.0,0.2
Jimoh-Aloba,MID,4.5,2,0,1,0.0,0.1,2.54,0.25,0.056,0.0,0.1
L.Paquetá,MID,5.9,4,0,1,0.0,0.1,2.5,0.25,0.042,0.0,1.1
Rashford,MID,7.0,3,1,1,0.0,0.1,2.47,0.25,0.036,0.0,0.0
Füllkrug,FWD,5.6,4,0,1,0.0,0.1,2.48,0.25,0.045,0.0,0.6
Nwaneri,MID,5.0,3,1,1,0.0,0.1,2.46,0.25,0.05,0.0,0.1
Livramento,DEF,4.9,3,1,1,0.0,0.1,2.44,0.24,0.049,0.0,1.9
Harrison,MID,5.1,4,1,1,0.0,0.1,2.3,0.23,0.045,0.0,0.0
Kiwior,DEF,5.4,3,1,1,0.0,0.1,2.33,0.23,0.043,0.0,0.0
H.Traorè,MID,4.5,2,1,1,0.0,0.1,2.26,0.23,0.051,0.0,0.3
Winterburn,MID,4.5,2,1,1,0.0,0.1,2.26,0.23,0.051,0.0,0.0
Dragusin,DEF,4.5,3,0,1,54.0,0.75,0.3,0.23,0.051,1.2,0.0
Alysson,MID,5.0,2,0,1,3.2,0.1,2.33,0.23,0.046,0.6,0.0
Watson,MID,4.8,2,1,1,0.0,0.1,2.35,0.23,0.048,0.0,0.0
Burrowes,MID,4.4,2,0,1,0.0,0.1,2.3,0.23,0.052,0.0,0.1
George Hemmings,MID,4.5,2,0,1,5.0,0.1,2.17,0.22,0.049,0.4,0.0
Byram,DEF,3.8,4,1,1,0.0,0.1,2.22,0.22,0.058,0.0,0.2
Lecomte,GK,3.9,3,1,1,0.0,0.1,2.15,0.22,0.056,0.0,0.7
Udogie,DEF,4.3,3,0,1,54.0,0.75,0.29,0.22,0.051,1.0,0.3
Hladký,GK,3.9,3,1,1,0.0,0.1,2.15,0.22,0.056,0.0,0.2
Roberts,DEF,4.4,3,1,1,0.0,0.1,2.15,0.22,0.05,0.0,0.0
Delcroix,DEF,3.8,3,1,1,0.0,0.1,2.15,0.22,0.058,0.0,0.2
Jordan,DEF,3.9,3,1,1,0.0,0.1,2.15,0.22,0.056,0.0,0.1
Amissah,DEF,3.8,3,1,1,0.0,0.1,2.15,0.22,0.058,0.0,0.1
Setford,GK,3.9,3,1,1,0.0,0.1,2.15,0.22,0.056,0.0,0.2
Clarke,DEF,3.8,3,1,1,0.0,0.1,2.15,0.22,0.058,0.0,0.4
Kacurri,DEF,3.9,3,1,1,0.0,0.1,2.15,0.22,0.056,0.0,0.1
Nichols,DEF,3.7,3,1,1,0.0,0.1,2.19,0.22,0.059,0.0,0.2
Edozie,MID,4.3,3,1,1,3.0,0.1,2.22,0.22,0.051,1.4,0.4
Pond,DEF,3.9,3,1,1,0.0,0.1,2.15,0.22,0.056,0.0,1.0
Mayers,DEF,4.0,4,0,1,0.0,0.1,2.2,0.22,0.055,0.0,0.0
Heaton,GK,3.9,3,1,1,0.0,0.1,2.15,0.22,0.056,0.0,0.3
Onana,GK,4.9,3,1,1,0.0,0.1,2.18,0.22,0.045,0.0,0.1
Fabianski,GK,4.5,4,0,1,0.0,0.1,2.17,0.22,0.049,0.0,0.0
Emerson,DEF,4.4,4,0,1,0.0,0.1,2.16,0.22,0.05,0.0,0.1
Coleman,DEF,4.2,4,0,1,0.0,0.1,2.23,0.22,0.052,0.0,0.1
Mee,GK,3.9,3,1,1,0.0,0.1,2.15,0.22,0.056,0.0,0.1
N.Jackson,FWD,6.5,5,0,1,0.0,0.1,2.23,0.22,0.034,0.0,0.1
Milambo,MID,5.2,2,0,1,0.0,0.1,2.22,0.22,0.042,0.0,0.0
A.Murphy,DEF,3.8,3,1,1,3.0,0.1,2.19,0.22,0.058,0.4,0.7
Gillespie,GK,3.9,3,1,1,0.0,0.1,2.15,0.22,0.056,0.0,0.1
Ashby,DEF,3.9,3,1,1,0.0,0.1,2.15,0.22,0.056,0.0,0.1
Pivas,DEF,3.8,3,1,1,0.0,0.1,2.15,0.22,0.058,0.0,0.4
Dowman,MID,4.2,3,1,1,0.0,0.1,2.2,0.22,0.052,0.0,0.5
Mohamadou Kanté,MID,4.5,4,0,1,0.0,0.1,2.15,0.22,0.049,0.0,0.0
Bentley,GK,3.9,3,1,1,0.0,0.1,2.15,0.22,0.056,0.0,0.5
Doherty,DEF,4.4,3,1,1,14.311111111111112,0.1,2.23,0.22,0.05,0.4,0.1
Johnstone,GK,4.4,3,1,1,0.0,0.1,2.09,0.21,0.048,0.0,0.1
Salmon,DEF,4.0,3,1,1,0.0,0.1,2.13,0.21,0.052,0.0,0.0
Arrizabalaga,GK,4.1,3,1,1,0.0,0.1,2.13,0.21,0.051,0.0,0.4
Meupiyou,DEF,4.0,3,1,1,0.0,0.1,2.13,0.21,0.052,0.0,0.0
Olagunju,DEF,4.0,3,1,1,0.0,0.1,2.13,0.21,0.052,0.0,0.0
Édouard,FWD,5.0,4,0,1,0.0,0.1,2.09,0.21,0.042,0.0,0.2
Weiss,GK,4.3,3,1,1,0.0,0.1,2.13,0.21,0.049,0.0,0.1
Barnes,FWD,4.2,3,1,1,3.0,0.1,2.06,0.21,0.05,0.2,1.5
Sambo,DEF,4.0,3,1,1,0.0,0.1,2.13,0.21,0.052,0.0,0.0
Dodgson,DEF,4.0,3,1,1,0.0,0.1,2.13,0.21,0.052,0.0,0.0
Green,GK,4.0,3,1,1,0.0,0.1,2.13,0.21,0.052,0.0,0.2
Benamar,DEF,4.0,4,0,1,0.0,0.1,2.13,0.21,0.052,0.0,0.0
Rúben,DEF,5.5,3,0,1,35.6,0.55,0.38,0.21,0.038,1.6,3.3
Welch,DEF,3.8,4,0,1,0.0,0.1,2.13,0.21,0.055,0.0,0.1
Dixon,DEF,3.8,4,0,1,0.0,0.1,2.13,0.21,0.055,0.0,0.2
Rodney,MID,4.4,4,0,1,0.0,0.1,2.1,0.21,0.048,0.0,0.0
Holding,DEF,4.0,4,0,1,0.0,0.1,2.13,0.21,0.052,0.0,0.0
Kporha,DEF,4.0,4,0,1,0.0,0.1,2.13,0.21,0.052,0.0,0.0
De Ligt,DEF,4.9,3,1,1,0.0,0.1,2.1,0.21,0.043,0.0,1.8
D.Leon,DEF,4.2,3,1,1,0.0,0.1,2.13,0.21,0.05,0.0,0.1
Harrison,GK,4.0,3,1,1,0.0,0.1,2.13,0.21,0.052,0.0,0.0
Amass,DEF,4.0,3,1,1,0.0,0.1,2.13,0.21,0.052,0.0,0.1
Clyne,DEF,3.8,4,0,1,0.0,0.1,2.06,0.21,0.055,0.0,0.6
Shahar,DEF,4.0,3,1,1,0.0,0.1,2.13,0.21,0.052,0.0,0.0
Odysseas,GK,4.0,3,1,1,0.0,0.1,2.13,0.21,0.052,0.0,0.0
Schär,DEF,5.2,3,1,1,0.0,0.1,2.08,0.21,0.04,0.0,1.2
Ruddy,GK,4.0,3,1,1,0.0,0.1,2.13,0.21,0.052,0.0,0.0
Targett,DEF,4.0,3,1,1,0.0,0.1,2.13,0.21,0.052,0.0,0.1
Kukonki,DEF,4.0,3,1,1,0.0,0.1,2.13,0.21,0.052,0.0,0.0
Benitez,GK,4.0,4,0,1,0.0,0.1,2.13,0.21,0.052,0.0,0.3
Matthews,GK,3.9,4,0,1,0.0,0.1,2.13,0.21,0.054,0.0,0.1
Sosa,DEF,4.8,4,0,1,10.6,0.1,2.06,0.21,0.044,0.4,0.1
Travers,GK,4.3,4,0,1,0.0,0.1,2.13,0.21,0.049,0.0,0.1
Aznou,DEF,4.2,4,0,1,0.0,0.1,2.13,0.21,0.05,0.0,0.1
Campbell,DEF,3.9,4,0,1,0.0,0.1,2.13,0.21,0.054,0.0,0.2
King,GK,3.9,4,0,1,0.0,0.1,2.13,0.21,0.054,0.0,1.3
Foderingham,GK,4.0,4,0,1,0.0,0.1,2.13,0.21,0.052,0.0,0.2
Hein,GK,4.0,3,1,1,0.0,0.1,2.13,0.21,0.052,0.0,0.2
Tyrer,GK,3.9,4,0,1,0.0,0.1,2.13,0.21,0.054,0.0,0.1
McNally,GK,4.0,3,1,1,0.0,0.1,2.13,0.21,0.052,0.0,0.0
Pedro Lima,DEF,4.0,3,1,1,6.0,0.1,2.14,0.21,0.052,0.8,0.4
Imray,DEF,4.0,4,0,1,0.0,0.1,2.13,0.21,0.052,0.0,0.0
Casey,DEF,4.0,4,0,1,0.0,0.1,2.13,0.21,0.052,0.0,0.1
Benda,GK,4.0,3,1,1,0.0,0.1,2.13,0.21,0.052,0.0,0.0
King,DEF,4.0,4,0,1,0.0,0.1,2.13,0.21,0.052,0.0,0.0
Hegyi,GK,3.9,4,0,1,0.0,0.1,2.13,0.21,0.054,0.0,0.2
Golambeckis,DEF,4.0,4,0,1,0.0,0.1,2.13,0.21,0.052,0.0,0.0
Marsh,FWD,4.4,4,0,1,0.0,0.1,2.02,0.2,0.045,0.0,0.3
Casey,FWD,4.5,4,0,1,0.0,0.1,2.02,0.2,0.044,0.0,0.0
Ahamada,MID,4.3,4,0,1,0.0,0.1,2.02,0.2,0.047,0.0,0.0
Cornet,MID,4.9,4,0,1,0.0,0.1,2.03,0.2,0.041,0.0,0.0
Sherif,FWD,4.4,4,0,1,0.0,0.1,2.02,0.2,0.045,0.0,0.1
Bates,MID,4.3,4,0,1,0.0,0.1,2.02,0.2,0.047,0.0,0.1
Ebiowei,MID,4.5,4,0,1,0.0,0.1,2.03,0.2,0.044,0.0,0.0
Agbinone,MID,4.3,4,0,1,0.0,0.1,2.02,0.2,0.047,0.0,0.1
Orford,MID,4.4,4,0,1,0.0,0.1,2.03,0.2,0.045,0.0,0.1
Doucouré,MID,4.9,4,0,1,0.0,0.1,2.03,0.2,0.041,0.0,0.0
M.França,MID,4.5,4,0,1,0.0,0.1,2.03,0.2,0.044,0.0,0.0
Lamadrid,MID,5.0,4,0,1,0.0,0.1,2.03,0.2,0.04,0.0,0.0
Cardines,MID,4.4,4,0,1,0.0,0.1,2.03,0.2,0.045,0.0,0.3
Metcalfe,MID,4.5,4,0,1,0.0,0.1,2.03,0.2,0.044,0.0,0.0
Graham,FWD,4.5,4,0,1,0.0,0.1,2.02,0.2,0.044,0.0,0.0
Onyango,MID,4.5,4,0,1,0.0,0.1,2.03,0.2,0.044,0.0,0.0
Umeh,MID,4.5,4,0,1,0.0,0.1,2.03,0.2,0.044,0.0,0.0
Nørgaard,MID,5.1,3,1,1,6.4,0.1,2.0,0.2,0.039,0.6,0.1
Guedes,MID,5.5,3,1,1,0.0,0.1,1.98,0.2,0.036,0.0,0.0
Heath,MID,4.5,4,0,1,0.0,0.1,2.03,0.2,0.044,0.0,0.0
Y.Chermiti,FWD,4.9,4,0,1,0.0,0.1,2.02,0.2,0.041,0.0,0.1
Ebere,MID,4.4,4,0,1,0.0,0.1,2.03,0.2,0.045,0.0,0.0
Esse,MID,4.7,4,0,1,0.0,0.1,2.03,0.2,0.043,0.0,0.1
Álvarez,MID,4.9,4,0,1,0.0,0.1,2.03,0.2,0.041,0.0,0.0
Lewis,DEF,4.6,3,0,1,18.0,0.35,0.58,0.2,0.043,0.2,1.2
Marc Guiu,FWD,4.1,5,0,1,0.0,0.1,2.05,0.2,0.049,0.0,5.9
J.Rak-Sakyi,MID,4.4,4,0,1,0.0,0.1,2.03,0.2,0.045,0.0,0.0
Ozoh,MID,4.5,4,0,1,0.0,0.1,2.03,0.2,0.044,0.0,0.0
N.Aguerd,DEF,4.4,4,0,1,0.0,0.1,1.88,0.19,0.043,0.0,0.0
Nkunku,MID,5.9,5,0,1,0.0,0.1,1.93,0.19,0.032,0.0,0.1
Awoniyi,FWD,5.2,3,0,1,18.0,0.35,0.53,0.19,0.037,1.4,0.3
Kusi-Asare,FWD,4.5,3,1,1,6.0,0.1,1.91,0.19,0.042,0.2,0.1
Benson,MID,5.4,3,1,1,0.0,0.1,1.91,0.19,0.035,0.0,0.0
Fábio Vieira,MID,5.4,3,1,1,0.0,0.1,1.91,0.19,0.035,0.0,0.0
Andreas,MID,5.3,3,1,1,0.0,0.1,1.88,0.19,0.036,0.0,0.1
Antony,MID,5.9,3,1,1,0.0,0.1,1.88,0.19,0.032,0.0,0.1
Colwill,DEF,4.7,5,0,1,0.0,0.1,1.86,0.19,0.04,0.0,0.1
Højlund,FWD,6.3,3,1,1,0.0,0.1,1.91,0.19,0.03,0.0,0.3
Bendito Mantato,MID,4.5,3,1,1,0.0,0.1,1.93,0.19,0.042,0.0,0.0
Harriman-Annous,MID,4.4,3,1,1,0.0,0.1,1.82,0.18,0.041,0.0,0.0
Kabia,MID,4.5,3,1,1,0.0,0.1,1.82,0.18,0.04,0.0,0.1
Harris,MID,4.5,3,1,1,0.0,0.1,1.82,0.18,0.04,0.0,0.0
Sambi,MID,4.5,3,1,1,0.0,0.1,1.82,0.18,0.04,0.0,0.0
Godo,MID,4.5,3,1,1,0.0,0.1,1.82,0.18,0.04,0.0,0.0
Fraser,FWD,4.2,3,1,1,0.0,0.1,1.76,0.18,0.043,0.0,2.0
Sutherland,MID,4.5,3,1,1,0.0,0.1,1.82,0.18,0.04,0.0,0.0
Abbey,MID,4.5,3,1,1,0.0,0.1,1.82,0.18,0.04,0.0,0.0
Ojinnaka,MID,4.5,3,1,1,0.0,0.1,1.82,0.18,0.04,0.0,0.0
Obi,FWD,4.2,3,1,1,0.0,0.1,1.76,0.18,0.043,0.0,1.6
Brierley,MID,4.5,3,1,1,0.0,0.1,1.82,0.18,0.04,0.0,0.0
Chiwome,FWD,4.4,3,1,1,0.0,0.1,1.77,0.18,0.041,0.0,0.0
Collyer,MID,4.5,3,1,1,0.0,0.1,1.82,0.18,0.04,0.0,0.0
Penders,GK,4.0,5,0,1,0.0,0.1,1.81,0.18,0.045,0.0,0.0
Kone,MID,4.3,3,1,1,0.0,0.1,1.81,0.18,0.042,0.0,0.1
Fitzgerald,MID,4.3,3,1,1,0.0,0.1,1.81,0.18,0.042,0.0,0.0
Moorhouse,MID,4.5,3,1,1,0.0,0.1,1.82,0.18,0.04,0.0,0.0
Slonina,GK,3.9,5,0,1,0.0,0.1,1.81,0.18,0.046,0.0,0.1
Rawlings,MID,4.5,3,1,1,0.0,0.1,1.82,0.18,0.04,0.0,0.0
Wheatley,FWD,4.5,3,1,1,0.0,0.1,1.77,0.18,0.04,0.0,0.1
Lacey,MID,4.5,3,1,1,0.0,0.1,1.79,0.18,0.04,0.0,0.0
Koleosho,MID,5.0,3,1,1,0.0,0.1,1.82,0.18,0.036,0.0,0.0
Fábio Silva,FWD,4.9,3,1,1,0.0,0.1,1.76,0.18,0.037,0.0,0.2
Obafemi,FWD,4.4,3,1,1,0.0,0.1,1.77,0.18,0.041,0.0,0.1
Pimlott,MID,4.5,3,1,1,0.0,0.1,1.82,0.18,0.04,0.0,0.0
Marshall,FWD,4.3,4,0,1,0.0,0.1,1.81,0.18,0.042,0.0,0.5
Antoñito C.,MID,4.9,3,1,1,0.0,0.1,1.82,0.18,0.037,0.0,0.0
Hayden,MID,4.5,3,1,1,0.0,0.1,1.82,0.18,0.04,0.0,0.0
Alabi,MID,4.5,3,1,1,0.0,0.1,1.82,0.18,0.04,0.0,0.0
White,MID,4.5,3,1,1,0.0,0.1,1.82,0.18,0.04,0.0,0.0
Merrick,GK,4.0,5,0,1,0.0,0.1,1.81,0.18,0.045,0.0,0.0
Kuol,MID,4.4,3,1,1,0.0,0.1,1.82,0.18,0.041,0.0,0.0
Neave,FWD,4.3,3,1,1,0.0,0.1,1.76,0.18,0.042,0.0,0.3
Seung soo,MID,4.3,3,1,1,0.0,0.1,1.81,0.18,0.042,0.0,0.5
Irving,MID,4.3,4,0,1,0.0,0.1,1.79,0.18,0.042,0.0,0.2
Anselmino,DEF,4.0,5,0,1,0.0,0.1,1.81,0.18,0.045,0.0,0.1
Sharman-Lowe,GK,4.0,5,0,1,0.0,0.1,1.81,0.18,0.045,0.0,0.0
Churlinov,MID,4.9,3,1,1,0.0,0.1,1.82,0.18,0.037,0.0,0.0
A.Ramsey,MID,4.4,3,1,1,0.0,0.1,1.82,0.18,0.041,0.0,1.4
Earthy,MID,4.5,4,0,1,0.0,0.1,1.8,0.18,0.04,0.0,0.0
L.Guilherme,MID,4.9,4,0,1,0.0,0.1,1.82,0.18,0.037,0.0,0.0
Drakes-Thomas,MID,4.5,4,0,1,0.0,0.1,1.82,0.18,0.04,0.0,0.0
Amdouni,FWD,4.8,3,1,1,0.0,0.1,1.76,0.18,0.038,0.0,0.0
Adewumi,MID,4.5,3,1,1,0.0,0.1,1.82,0.18,0.04,0.0,0.0
Boateng,MID,4.7,3,1,1,0.0,0.1,1.82,0.18,0.038,0.0,0.0
Ridgeon,MID,4.5,3,1,1,0.0,0.1,1.82,0.18,0.04,0.0,0.0
Gonzalez,MID,4.3,3,1,1,0.0,0.1,1.81,0.18,0.042,0.0,1.3
B.Traore,MID,5.0,3,1,1,0.0,0.1,1.82,0.18,0.036,0.0,0.0
Hodge,MID,4.5,3,1,1,0.0,0.1,1.82,0.18,0.04,0.0,0.0
Banel,MID,4.5,3,1,1,0.0,0.1,1.82,0.18,0.04,0.0,0.0
Sonne,DEF,3.8,3,1,1,0.0,0.1,1.74,0.17,0.045,0.0,0.2
Hartman,DEF,4.0,3,1,1,0.0,0.1,1.7,0.17,0.042,0.0,0.6
Paez,MID,4.5,5,0,1,0.0,0.1,1.7,0.17,0.038,0.0,0.0
Fredricson,DEF,3.8,3,1,1,0.0,0.1,1.71,0.17,0.045,0.0,0.1
Mudryk,MID,4.9,5,0,1,0.0,0.1,1.7,0.17,0.035,0.0,0.0
D.Essugo,MID,4.3,5,0,1,0.0,0.1,1.69,0.17,0.04,0.0,0.1
Emenalo,MID,4.5,5,0,1,0.0,0.1,1.7,0.17,0.038,0.0,0.0
Malacia,DEF,3.8,3,1,1,0.0,0.1,1.71,0.17,0.045,0.0,0.4
M.Sarr,DEF,4.5,5,0,1,0.0,0.1,1.63,0.16,0.036,0.0,0.0
Krafth,DEF,4.3,3,1,1,0.0,0.1,1.65,0.16,0.037,0.0,0.0
Kalajdžić,FWD,4.9,3,1,1,0.0,0.1,1.62,0.16,0.033,0.0,0.0
Munetsi,MID,5.3,3,1,1,0.0,0.1,1.6,0.16,0.03,0.0,0.0
Jörgensen,GK,4.3,5,0,1,0.0,0.1,1.62,0.16,0.037,0.0,0.2
Cullen,MID,4.9,3,1,1,0.0,0.1,1.49,0.15,0.031,0.0,0.9
Xhaka,MID,5.1,3,0,1,18.0,0.35,0.43,0.15,0.029,0.4,3.4
Lascelles,DEF,4.3,3,1,1,0.0,0.1,1.53,0.15,0.035,0.0,0.0
Lavia,MID,4.9,5,0,1,0.0,0.1,1.47,0.15,0.031,0.0,0.0
Hoever,DEF,3.8,3,1,1,0.0,0.1,1.41,0.14,0.037,0.0,1.0
J.Fletcher,MID,4.3,3,1,1,0.0,0.1,1.36,0.14,0.033,0.0,0.1
Bayindir,GK,4.7,3,1,1,0.0,0.1,1.38,0.14,0.03,0.0,0.3
N.Gonzalez,MID,5.9,3,0,1,36.0,0.55,0.26,0.14,0.024,0.6,0.1
Danso,DEF,4.2,3,0,1,16.45,0.35,0.39,0.14,0.033,0.4,0.1
Chirewa,MID,4.3,3,1,1,0.0,0.1,1.39,0.14,0.033,0.0,0.2
Lewis-Skelly,DEF,5.1,3,1,1,0.0,0.1,1.38,0.14,0.027,0.0,1.4
Fer López,MID,5.1,3,1,1,0.0,0.1,1.29,0.13,0.025,0.0,0.0
Ramsdale,GK,4.8,3,1,1,0.0,0.1,1.34,0.13,0.027,0.0,0.7
Toti,DEF,4.2,3,1,1,0.0,0.1,1.29,0.13,0.031,0.0,0.1
Gvardiol,DEF,5.9,3,0,1,0.0,0.1,1.21,0.12,0.02,0.0,3.4
Trésor,MID,4.4,3,1,1,0.0,0.1,1.02,0.1,0.023,0.0,0.1
Savona,DEF,4.5,3,0,1,0.0,0.1,0.9,0.09,0.02,0.0,0.1
Son,MID,8.5,3,0,1,0.0,0.1,0.88,0.09,0.011,0.0,0.1
Trafford,GK,4.5,3,0,1,0.0,0.1,0.94,0.09,0.02,0.0,0.9
Mayenda,FWD,5.2,3,0,1,18.0,0.35,0.22,0.08,0.015,0.4,0.5
Yates,MID,4.7,3,0,1,36.0,0.55,0.15,0.08,0.017,0.8,0.1
Stones,DEF,5.4,3,0,1,0.0,0.1,0.7,0.07,0.013,0.0,0.6
Wood,FWD,7.2,3,0,1,0.0,0.1,0.7,0.07,0.01,0.0,4.6
Kudus,MID,6.4,3,0,1,0.0,0.1,0.69,0.07,0.011,0.0,9.6
Traoré,MID,5.5,3,0,1,0.0,0.1,0.63,0.06,0.011,0.0,0.0
Richarlison,FWD,6.3,3,0,1,0.0,0.1,0.61,0.06,0.01,0.0,5.4
Kulusevski,MID,6.4,3,0,1,0.0,0.1,0.59,0.06,0.009,0.0,0.0
Adingra,MID,4.9,3,0,1,0.0,0.1,0.64,0.06,0.012,0.0,0.4
Rigg,MID,4.7,3,0,1,0.0,0.1,0.54,0.05,0.011,0.0,0.0
Davies,DEF,4.3,3,0,1,13.6,0.1,0.48,0.05,0.012,0.2,0.1
Savinho,MID,6.9,3,0,1,0.0,0.1,0.49,0.05,0.007,0.0,0.4
Akanji,DEF,5.4,3,0,1,0.0,0.1,0.54,0.05,0.009,0.0,0.3
Bakwa,MID,5.9,3,0,1,0.0,0.1,0.48,0.05,0.008,0.0,0.0
Ederson M.,GK,5.3,3,0,1,0.0,0.1,0.51,0.05,0.009,0.0,0.8
Maddison,MID,6.8,3,0,1,0.0,0.1,0.54,0.05,0.007,0.0,0.1
Masuaku,DEF,3.9,3,0,1,0.0,0.1,0.38,0.04,0.01,0.0,0.5
John,GK,4.0,3,0,1,0.0,0.1,0.42,0.04,0.01,0.0,0.3
Cuiabano,DEF,4.5,3,0,1,0.0,0.1,0.36,0.04,0.009,0.0,0.0
Roberts,MID,5.4,3,0,1,0.0,0.1,0.37,0.04,0.007,0.0,0.0
Bentancur,MID,5.3,3,0,1,0.0,0.1,0.45,0.04,0.008,0.0,0.2
Abbott,DEF,3.8,3,0,1,18.0,0.35,0.1,0.04,0.011,0.4,0.3
Vitor Reis,DEF,5.0,3,0,1,0.0,0.1,0.38,0.04,0.008,0.0,0.0
Gündoğan,MID,6.3,3,0,1,0.0,0.1,0.41,0.04,0.006,0.0,0.1
O.Richards,DEF,4.5,3,0,1,0.0,0.1,0.36,0.04,0.009,0.0,0.0
David Carmo,DEF,4.5,3,0,1,0.0,0.1,0.36,0.04,0.009,0.0,0.0
Solomon,MID,5.4,3,0,1,0.0,0.1,0.32,0.03,0.006,0.0,0.0
Austin,GK,3.9,3,0,1,0.0,0.1,0.32,0.03,0.008,0.0,0.3
Kinsky,GK,3.9,3,0,1,0.0,0.1,0.32,0.03,0.008,0.0,1.6
Vuskovic,DEF,3.9,3,0,1,0.0,0.1,0.32,0.03,0.008,0.0,0.3
Jenson Jones,DEF,4.0,3,0,1,0.0,0.1,0.32,0.03,0.008,0.0,0.0
Phillips,DEF,4.0,3,0,1,0.0,0.1,0.32,0.03,0.008,0.0,0.0
Takai,DEF,4.0,3,0,1,0.0,0.1,0.32,0.03,0.008,0.0,0.0
Echeverri,MID,5.4,3,0,1,0.0,0.1,0.32,0.03,0.006,0.0,0.0
Mfuni,DEF,3.9,3,0,1,0.0,0.1,0.32,0.03,0.008,0.0,0.0
Bettinelli,GK,3.8,3,0,1,0.0,0.1,0.32,0.03,0.008,0.0,0.4
Kovačić,MID,5.8,3,0,1,0.0,0.1,0.31,0.03,0.005,0.0,0.0
C.Miguel,GK,4.0,3,0,1,0.0,0.1,0.32,0.03,0.008,0.0,0.1
Turner,GK,4.0,3,0,1,0.0,0.1,0.32,0.03,0.008,0.0,0.1
Jota,MID,5.4,3,0,1,0.0,0.1,0.32,0.03,0.006,0.0,0.0
Boly,DEF,3.8,3,0,1,0.0,0.1,0.32,0.03,0.008,0.0,0.4
Rowswell,DEF,4.0,3,0,1,0.0,0.1,0.32,0.03,0.008,0.0,0.0
Nna Noukeu,GK,3.9,3,0,1,0.0,0.1,0.32,0.03,0.008,0.0,0.1
Pembele,DEF,3.9,3,0,1,0.0,0.1,0.32,0.03,0.008,0.0,0.3
Johnson,DEF,3.8,3,0,1,0.0,0.1,0.32,0.03,0.008,0.0,0.2
Huggins,DEF,4.0,3,0,1,0.0,0.1,0.32,0.03,0.008,0.0,0.1
Hjelde,DEF,4.0,3,0,1,0.0,0.1,0.32,0.03,0.008,0.0,0.0
Anderson,DEF,3.8,3,0,1,0.0,0.1,0.32,0.03,0.008,0.0,0.3
Alese,DEF,4.0,3,0,1,0.0,0.1,0.32,0.03,0.008,0.0,0.0
Ellborg,GK,4.0,3,0,1,0.0,0.1,0.32,0.03,0.008,0.0,0.0
Moore,GK,3.9,3,0,1,0.0,0.1,0.32,0.03,0.008,0.0,0.4
Kalimuendo,FWD,6.0,3,0,1,0.0,0.1,0.31,0.03,0.005,0.0,0.1
Patterson,GK,4.2,3,0,1,0.0,0.1,0.32,0.03,0.007,0.0,0.2
Rusyn,FWD,4.4,3,0,1,0.0,0.1,0.21,0.02,0.005,0.0,0.1
Luís Hemir,FWD,4.4,3,0,1,0.0,0.1,0.21,0.02,0.005,0.0,0.1
Tutierov,MID,4.5,3,0,1,0.0,0.1,0.22,0.02,0.004,0.0,0.0
Abdullahi,FWD,4.2,3,0,1,0.0,0.1,0.2,0.02,0.005,0.0,0.5
Matete,MID,4.3,3,0,1,0.0,0.1,0.21,0.02,0.005,0.0,0.2
Triantis,MID,4.4,3,0,1,0.0,0.1,0.22,0.02,0.005,0.0,0.0
Browne,MID,4.5,3,0,1,0.0,0.1,0.22,0.02,0.004,0.0,0.0
Neil,MID,4.8,3,0,1,0.0,0.1,0.2,0.02,0.004,0.0,0.0
Poveda,MID,4.8,3,0,1,0.0,0.1,0.22,0.02,0.004,0.0,0.0
Ba,MID,4.3,3,0,1,0.0,0.1,0.21,0.02,0.005,0.0,0.3
Ekwah,MID,4.5,3,0,1,0.0,0.1,0.22,0.02,0.004,0.0,0.0
Jocelin.T,MID,5.0,3,0,1,0.0,0.1,0.2,0.02,0.004,0.0,0.0
McAidoo,MID,4.5,3,0,1,0.0,0.1,0.22,0.02,0.004,0.0,0.0
Lankshear,FWD,4.5,3,0,1,0.0,0.1,0.21,0.02,0.004,0.0,0.0
Olusesi,MID,4.3,3,0,1,0.0,0.1,0.21,0.02,0.005,0.0,0.2
Min-hyeok,MID,4.5,3,0,1,0.0,0.1,0.22,0.02,0.004,0.0,0.0
Bryan,MID,4.9,3,0,1,0.0,0.1,0.22,0.02,0.004,0.0,0.0
Moore,MID,5.0,3,0,1,0.0,0.1,0.22,0.02,0.004,0.0,0.0
H.Jones,MID,4.3,3,0,1,0.0,0.1,0.21,0.02,0.005,0.0,0.1
Bergvall,MID,5.2,3,0,1,15.98,0.35,0.05,0.02,0.004,0.4,0.2
Akhamrich,MID,4.5,3,0,1,0.0,0.1,0.22,0.02,0.004,0.0,0.0
Williams-Barnett,MID,4.5,3,0,1,0.0,0.1,0.22,0.02,0.004,0.0,0.0
Kyerematen,MID,4.5,3,0,1,0.0,0.1,0.22,0.02,0.004,0.0,0.0
Wilson,FWD,4.5,3,0,1,0.0,0.1,0.21,0.02,0.004,0.0,0.0
Seelt,DEF,4.0,3,0,1,0.0,0.1,0.25,0.02,0.005,0.0,0.1
Aleksić,MID,4.9,3,0,1,0.0,0.1,0.22,0.02,0.004,0.0,0.0
Stamenic,MID,4.5,3,0,1,0.0,0.1,0.22,0.02,0.004,0.0,0.0
Jair Cunha,DEF,4.2,3,0,1,0.0,0.1,0.23,0.02,0.005,0.0,0.1
Gray,MID,4.5,3,0,1,0.0,0.1,0.22,0.02,0.004,0.0,0.0
Heskey,MID,4.5,3,0,1,0.0,0.1,0.22,0.02,0.004,0.0,0.0
Zinchenko,DEF,4.9,3,0,1,0.0,0.1,0.24,0.02,0.004,0.0,0.2
Nypan,MID,5.0,3,0,1,0.0,0.1,0.22,0.02,0.004,0.0,0.0
Phillips,MID,4.7,3,0,1,0.0,0.1,0.22,0.02,0.004,0.0,0.1
Da Silva Moreira,MID,4.5,3,0,1,0.0,0.1,0.22,0.02,0.004,0.0,0.1
O'Brien,MID,5.0,3,0,1,0.0,0.1,0.22,0.02,0.004,0.0,0.0
Alleyne,DEF,4.1,3,0,1,13.5,0.1,0.21,0.02,0.005,0.4,0.0
McAtee,MID,5.0,3,0,1,0.0,0.1,0.09,0.01,0.002,0.0,0.1
Gunn,GK,4.0,3,0,1,9.0,0.1,0.06,0.01,0.002,0.4,1.1
Netz,DEF,4.5,3,0,1,3.0,0.1,0.09,0.01,0.002,0.4,0.0
Scarlett,FWD,4.3,3,0,1,3.0,0.1,0.0,0.0,0.0,0.4,0.6
Souza,DEF,4.0,3,0,1,7.0,0.1,0.01,0.0,0.0,0.4,0.0
Byfield,DEF,4.0,3,0,1,3.0,0.1,0.03,0.0,0.0,0.4,0.0
O'Nien,DEF,4.0,3,0,1,8.8,0.1,0.0,0.0,0.0,1.6,0.1
Mukasa,MID,4.4,3,0,1,5.0,0.1,0.02,0.0,0.0,0.4,0.0
